algorithm,depth,evalType,ordering,bestAction,bestScore,nodesEvaluated,timeMs
minimax,2,balanced,default,attack,-7.50,12,0.668
minimax,2,aggressive,default,attack,102.50,12,0.045
minimax,2,defensive,default,potion,95.00,12,0.028
minimax,4,balanced,default,attack,-7.50,111,0.138
minimax,4,aggressive,default,attack,127.50,111,0.100
minimax,4,defensive,default,potion,92.50,111,0.068
minimax,6,balanced,default,attack,-7.50,839,1.832
minimax,6,aggressive,default,attack,147.50,839,0.367
minimax,6,defensive,default,defend,72.50,839,0.718
alphabeta,2,balanced,default,attack,-7.50,8,0.151
alphabeta,2,balanced,optimal,attack,-7.50,8,0.167
alphabeta,2,balanced,reverse,attack,-7.50,12,0.148
alphabeta,2,aggressive,default,attack,102.50,12,0.007
alphabeta,2,aggressive,optimal,attack,102.50,10,0.006
alphabeta,2,aggressive,reverse,attack,102.50,12,0.006
alphabeta,2,defensive,default,potion,95.00,12,0.005
alphabeta,2,defensive,optimal,potion,95.00,10,0.005
alphabeta,2,defensive,reverse,potion,95.00,12,0.019
alphabeta,4,balanced,default,attack,-7.50,35,0.015
alphabeta,4,balanced,optimal,attack,-7.50,35,0.017
alphabeta,4,balanced,reverse,attack,-7.50,106,0.045
alphabeta,4,aggressive,default,attack,127.50,51,0.015
alphabeta,4,aggressive,optimal,attack,127.50,46,0.020
alphabeta,4,aggressive,reverse,attack,127.50,104,0.044
alphabeta,4,defensive,default,potion,92.50,68,0.020
alphabeta,4,defensive,optimal,potion,92.50,48,0.026
alphabeta,4,defensive,reverse,potion,92.50,107,0.052
alphabeta,6,balanced,default,attack,-7.50,113,0.035
alphabeta,6,balanced,optimal,attack,-7.50,113,0.145
alphabeta,6,balanced,reverse,attack,-7.50,649,0.569
alphabeta,6,aggressive,default,attack,147.50,186,0.059
alphabeta,6,aggressive,optimal,attack,147.50,175,0.079
alphabeta,6,aggressive,reverse,attack,147.50,598,0.408
alphabeta,6,defensive,default,defend,72.50,240,0.101
alphabeta,6,defensive,optimal,potion,72.50,170,0.094
alphabeta,6,defensive,reverse,defend,72.50,708,0.250
expectimax,2,balanced,default,attack,8.00,16,0.179
expectimax,2,aggressive,default,attack,142.50,16,0.022
expectimax,2,defensive,default,potion,126.67,16,0.008
expectimax,4,balanced,default,attack,18.83,148,0.193
expectimax,4,aggressive,default,attack,162.50,148,0.078
expectimax,4,defensive,default,potion,131.94,148,0.064
expectimax,6,balanced,default,attack,28.64,1128,0.814
expectimax,6,aggressive,default,attack,184.44,1128,0.520
expectimax,6,defensive,default,attack,137.42,1128,0.431